{
    "loss": 0.2626643180847168,
    "accuracy": 0.9496402740478516
}