{
    "loss": 1.2403894662857056,
    "accuracy": 0.9568345546722412
}