{
    "loss": 26.087217330932617,
    "accuracy": 0.5467625856399536
}