{
    "loss": 0.25534486770629883,
    "accuracy": 0.9568345546722412
}